{
  "librosa": {
    "f_mean": 0.7993863391201933,
    "f_std": 0.19657843294461338,
    "n": 30,
    "sec_per_clip": 0.07948369979858398
  },
  "tcn": {
    "f_mean": 0.9521706675113794,
    "f_std": 0.05635089903190828,
    "n": 30,
    "sec_per_clip": 0.07704890569051107
  },
  "beat_this": {
    "f_mean": 0.9878800982345515,
    "f_std": 0.014937316525968554,
    "n": 30,
    "sec_per_clip": 0.91031813621521
  }
}